Start,End,Sequence,Length,Color
25[120],37[135],TTCGAGGTGTAGCAACTATGTAAATGCTGATGAATGGAAAGCCTGTTT,48,#cc0000
12[183],10[176],TAGTAAGAGTTGAGATAGTCAGAA,24,#cc0000
40[119],25[119],GCAATAATCGAAGCCCAAAAATGACGAACCTCGCCACCCTAGCTTGCT,48,#cc0000
7[80],5[95],TTGGTGTAGCCATCAATTCCTGTGTGAAATTG,32,#cc0000
24[71],34[64],ATTAAACGCTCCAAAAGTAGGGCT,24,#cc0000
1[24],2[19],CATTTTTGCTACTAATAGTAG,21,#cc0000
10[159],8[144],CAAAAAGATATTACAGCATTATACCAGTCAGGCATTCAGTAAATCACC,48,#cc0000
11[19],10[24],GACCTGAAAGCGTTAAGAGGT,21,#cc0000
34[191],36[176],CCGTGTGATTCATTTCACATCAAGAAAACAAA,32,#cc0000
8[127],6[112],ACCGTTCTCCAAATCATGACAAGAACCGGATAAACGGAGATGTGCTGC,48,#cc0000
38[119],24[104],AACCAATCAGCTAATGTCATATGCTATAACTAGGCTACAGAGGCTTTG,48,#cc0000
2[47],12[32],AAAGGTGGCATCAATTCGGATGGCCCTTTTGAAAGAATACCAGAAGAT,48,#cc0000
9[48],7[63],CAAGGCAACGAGCTGACATGTCAATCATATGTGCCTTCCTTTGACCGT,48,#cc0000
37[19],36[24],CAGAGGCATTTTCAGCTTAGA,21,#cc0000
7[88],17[103],GATGGGCGGTAACGCCTATACCAAGCGCGAAA,32,#cc0000
34[127],36[112],GTTTAGTACAGAACGCCAGTACATAAATCAAT,32,#cc0000
30[47],29[55],ACATTTGAAGGCGGTCAGTATTAA,24,#cc0000
40[143],29[151],TTACCAGATGAGGGAGGTTGGCAAAAACCCTCAATCAATA,40,#cc0000
12[212],11[207],TACATAACGCCAAATCAAAAA,21,#cc0000
27[184],33[191],CAGGCGGAGCCCGGAATTTTATCC,24,#cc0000
0[143],13[127],GCTCATGGAAATACCTACATTTTGAATACTGCAAATATCGTCAGTTAA,48,#cc0000
32[111],28[96],AAATAGCAATTATTCTAGAGCCACCACCGGAA,32,#cc0000
10[175],11[159],GCAAAGCGTAAATCAAAACGTCAAAGGGCGAAAAACCGTCATCCCCCT,48,#cc0000
34[212],26[200],TTTAATGGTTTGAATATTCGGGGTTGATA,29,#cc0000
28[79],29[71],CGCCACCCTCAGAACCGCAACAGT,24,#cc0000
39[192],31[212],AACAGTACCTTTTACAAATGGAAGCTTGAGCCATTTG,37,#cc0000
39[96],31[111],GCAATAGCTATCTTACAACGGAATCGCCAAAG,32,#cc0000
9[64],13[79],CAAAATTATCATACATCAGGAGGTTGAGGCAG,32,#cc0000
37[40],28[40],AATAAGAGAGAACAAGTACCGCGCCTGAACACGGTCAGTGCCACCCTC,48,#cc0000
38[79],27[79],AACGGGTAGAAGGCTTAAACAGGGACAGTTAA,32,#cc0000
38[159],24[144],AAGAAAAATAATATCCTAGATAAGAATCATAAATCGCAAGGCGAAAGA,48,#cc0000
41[19],40[24],TACAAACAATTCGAAGGTGGC,21,#cc0000
24[103],38[96],AGGACTAAATTGTATCAATTCTTAACGCGAGGGCTGTCTT,40,#cc0000
1[48],15[63],TAATTGCTGAATATAATTGGGGCGAGAATTAGTCAGGTCAGACAGCCC,48,#cc0000
1[144],8[152],TTCCGAAATCGGCAAATCCTGTTTCTTTATTTAGACAGTC,40,#cc0000
25[88],37[103],AGCCTTTAAGACTTTTTAACCTCCGGCTTAGGGTGAATAAAATAAACA,48,#cc0000
16[212],3[212],CCGAACTGACCAACAGGCAAATGCCTGAGTTCACCGCCTGGC,42,#cc0000
16[63],5[47],TCAGCGGAGTGAGAATAAAGAATACGGCCAGTGCCAAGCTCGGGTACC,48,#cc0000
30[71],40[56],AGATTAGAGCCGTCAACGAACGTTGTATGTTA,32,#cc0000
41[48],27[55],CCTTTGCCTAGATAATACCACGGACAGAGCCACCTTGAGT,40,#cc0000
2[127],13[135],GATTTAGTTTATGACCCTGTAATAAAGAAAAATAAAACGA,40,#cc0000
26[159],36[144],GTTTAGTAAAGATTAGAACACCGGTCCTGAACAATTTCATTTGAATTA,48,#cc0000
24[143],34[128],CAGCATCGGAACGAGGGAATTTCTAAAAGCCT,32,#cc0000
38[87],24[72],ATTCCAAGCTGTCCAGAAGCCAACTACCTTTTTCATGAGGAAGTTTCC,48,#cc0000
11[96],12[88],AAATGTTTGTTTTGCCAGAGGGGG,24,#cc0000
31[96],41[103],TTTACCAGACCCAAAATTTGCGGA,24,#cc0000
8[143],2[128],ATCAATATAATATTTTATTCTGCGAACGAGTA,32,#cc0000
35[24],37[39],TTAAGACGCTGAGAAGATAGCGATGAGCCAGT,32,#cc0000
12[151],3[151],ACCAGACGAACAACATTTAAGAGGGGAGAAGCGATGGTGGTGGGCGCC,48,#cc0000
16[167],9[175],CCAGGCGCCTTGCCCTGACGAGAAATTTTAAGGGATAAAA,40,#cc0000
33[64],39[79],CAGATATATTAAACCAGCCCAATAATAAGAGC,32,#cc0000
24[47],38[32],CCACTACGAAGGCACCATTGCGAAAACGCCAAGGAATCATCAAGCCGT,48,#cc0000
34[95],36[80],CCAGTATAACGACGACCCTTGCTTCTGTAAAT,32,#cc0000
27[56],36[56],AACAGTGCATGTACCGAAGCAAATTAATTGAGGTACCGACTTTTCCCT,48,#cc0000
0[183],2[184],TGGACTCCAAGAATAGCCCGAGATGGTCCACG,32,#cc0000
25[184],35[191],CCCACGCAGGAGTTAATTTTAGTT,24,#cc0000
6[111],4[96],AAGGCGATTCACAATTGCTCATTTTTTAACCA,32,#cc0000
40[183],25[183],ATCAAAATCAGATGAATACAAAATAGCTACAATAGGTGTAAACCATCG,48,#cc0000
27[64],41[71],CCGTATAAAAGCGCATATTTTGTCATTACGCAATTAATTT,40,#cc0000
28[39],30[19],AGAGCCGCCAGAGGTGGGATTTAGAAGTATTAGACTT,37,#cc0000
15[96],9[111],GTCTTTCCAGACGTTAATGGAAAGGGTTGTAC,32,#cc0000
38[183],24[168],CCTGATTGGCGAATTATAAATAAGCAAATATAAGGCCGCTTTTGCGGG,48,#cc0000
0[212],11[191],TTGGAACAAGAGTCCACTATTAAAGAACGACGAGAAT,37,#cc0000
1[80],15[95],GTTTTAAATATGCAACATGGTCAAAGCATAAAGGTAGCTAGTTTTGTC,48,#cc0000
2[79],10[64],TTAGCTATATTTTCATTGCTGTAGCAGGTCAG,32,#cc0000
2[175],10[160],CCCCAGCAGGCGAAAAATCCCTTAGATTGCAT,32,#cc0000
26[199],32[192],TAAGTATATAAGTGCCAGCCTAAT,24,#cc0000
40[39],41[47],CATACATAACAACTCGTATTAAAT,24,#cc0000
7[144],5[159],CCTCAGGATTGCGTATTAAAGCCTGGGGTGCC,32,#cc0000
9[176],16[176],ATTTTTAGAACCCTCAAGGTAAAGACGAGTAGGAGGACAGATGAACGG,48,#cc0000
11[192],12[184],GACCATAAAAGGAATTACGAGGCA,24,#cc0000
24[159],35[167],CCTCAGCAACAAAGAACGCGAGAA,24,#cc0000
41[72],27[87],TAAAAGTTTGAGTAACAGCACTAATAGAAAATCTCAGAGCTGCCCCCT,48,#cc0000
11[112],1[127],TAGCGTCCACGCTCAAGAAGTTTCATTCCATA,32,#cc0000
39[19],38[24],ATTGAGCGCTAATTTTTATTT,21,#cc0000
40[55],25[55],GCAAACGTACAAGAATAGAATTAACCAATAGCTAACACTGTTTTCACG,48,#cc0000
35[64],37[79],CATAGGTCTTAATTAAAAAAGGTAAAGTAATT,32,#cc0000
39[160],31[175],TTTTCAGGTTTAACGTTATTTGCAATTCATTA,32,#cc0000
9[112],7[127],CAAAAACATTGACCATGCAAATATTTAAATTGAATTTTTGTTGAGGGG,48,#cc0000
2[183],7[191],CTGGTTTGGAGACGGGCAACAGCTGCTGCATTTTCTGGTG,40,#cc0000
27[88],33[95],GCCTATTTATTTTCAGTTCTAAGA,24,#cc0000
6[127],7[143],AAGGGGGATTTGTATCATCGCCTGATAAATTGTCATCAAGAGTATCGG,48,#cc0000
17[104],8[104],CAAAGTACGTAAATGACCGTGCATAATTAATG,32,#cc0000
25[56],35[63],TTGAAAATGGTAAAATATCAAAAT,24,#cc0000
30[111],29[119],AAGGTTATCTAAAGCATCACCTTG,24,#cc0000
30[194],40[184],ATCACCAGTAGATTGTTTGCCTACCAT,27,#cc0000
6[207],5[212],GCGCCATTTGCCCGCTTTCCA,21,#cc0000
24[167],38[160],ATCGTCACCGCCGACATAAGAATATTGCTATTACCAAGTT,40,#cc0000
29[120],38[120],CTGAACCTCAAAATCAGCGACATTTTAACGTCTTTTTAAGCATGTAGA,48,#cc0000
4[47],9[39],CTTTCATCAACATTAAGTAATCGTAGCAAACACAATAAAT,40,#cc0000
14[143],1[143],ACGTTGGGCTTTTGCGAAGCCCGAGATTCCCA,32,#cc0000
36[143],26[128],CCTTTTTTCAAATCCATTACTAGATAAACAGCCTCAGAACCGCCACCC,48,#cc0000
13[168],11[183],ATTCATCAGCAACACTTTAAACAGTTCAGAAA,32,#cc0000
37[104],33[111],ACATGTTCAATAATCGCGTTTTAG,24,#cc0000
29[56],38[56],CACCGCCTGCCACCCTATAAGTTTTAGACGGGTGAGTTAAAGTACCGC,48,#cc0000
5[160],7[167],TAATGAGTCGATCGGTCTCCAGCC,24,#cc0000
29[152],39[159],CCAATGAACCCCTTATAATATTGATATCCCAATGCGTAGA,40,#cc0000
17[32],3[47],TAAAACGAAAGAGGCAAGAAAGGAGGGAACAAGAGTCTGGAAAACTAG,48,#cc0000
2[212],10[192],CCTGAGAGAGTTGCAGCAAGCAGGGTTGATTACCCTG,37,#cc0000
3[80],4[88],AGAAAAGCCCCAAAAAATAGGAAC,24,#cc0000
26[47],31[39],AGTTTCGTCACCAGTATTTAACGGCCTGAACAAAAGAAAC,40,#cc0000
13[96],11[111],TGATATTCACAAACAACAAAAGAAAGACTGGA,32,#cc0000
14[79],0[64],AGTAAGCGAGCAATAAAACTCCAACTCAACATTCACCAGTCACACGAC,48,#cc0000
6[143],8[128],TTACGCCAATAAAGTGGTTAAAATTCGCATTATAAACGTTGATATTCA,48,#cc0000
30[212],29[207],GGAATTAGAGCCAAGTTTGCC,21,#cc0000
7[19],6[24],ACAACCCGTCGGATGCAGGTC,21,#cc0000
36[175],25[175],ATTAATTAAACTTTTTGCGTTAAAATGACAAC,32,#cc0000
41[104],27[119],ACAAAGAAACCACCAGAATTGAGGACAAAAGGCCGGAACCGAAACATG,48,#cc0000
39[32],31[47],ATCAGAGAGATAACCCAGAAAATAGCAAAGAC,32,#cc0000
36[79],26[64],CGTCGCTATGAGAGACGCTCAACAAAAAGGCTAGCCCAATAGGAACCC,48,#cc0000
4[159],17[167],GAGGCGGTAGATCGCAGCGGGCCTTCCGCGACCTGCTCCA,40,#cc0000
5[64],17[63],TCATGGTCCGACGTTGTAAAACGACACTAAAA,32,#cc0000
40[79],29[87],GACTCCTTACAATCAACAACTAATGCCACGCTGAGAGCCA,40,#cc0000
32[175],30[160],AAACAGCCGGGTTTTGCATTTTCGGTCATAGCACCATCGAAAGGCCGG,48,#cc0000
13[136],0[144],ACTAACGGACGATAAACATAAATATTCATTGATATCAAAC,40,#cc0000
3[96],14[96],CAGGAAGACCGGAGAGGCTAAATCCGCAGTCT,32,#cc0000
37[200],33[212],GAGCAAAATCGGGAGAACCAACGCTAACG,29,#cc0000
14[183],5[183],CTTATGCGACACCAGAATTCAAAAGGCACCGCAATGAATCTCACATTA,48,#cc0000
7[32],9[47],TTCTCCGTACAACTAACTACAACGCCTGTAGCGGAGTGTACATACAGG,48,#cc0000
24[207],38[192],TCGCTGAGGCTTGCAGTAACCGATAATACCGATGAATCTTAACAATAA,48,#cc0000
31[160],41[167],CGGAAATTCGTAAAACTGGCAATT,24,#cc0000
12[47],0[48],ACCACCAGGTGGCACAGACAATATAAAGGGAC,32,#cc0000
35[192],37[199],AATTTCATTGAAACAAAATTACCT,24,#cc0000
5[72],8[64],ATAGCTGTAAATAATTCGCGTCTGACCCCGGTAAAGGCTA,40,#cc0000
15[152],6[144],GAATAAGGATAGGCTGGCTGACCTTGTCGAAACTTCGCTA,40,#cc0000
40[87],25[87],ATGATTAAAAGAAACATAACATAAATCCGGTAGGATAGCACCAAAAGG,48,#cc0000
10[191],14[184],ACTATTATTTAGGAATTGAATTAC,24,#cc0000
17[168],3[175],TGTTACTTTGTACAGAAGCTTTCCGGGTGAGATCACCAGT,40,#cc0000
30[159],40[144],AAACGTCATCAGATGAAGAAATAAAGACAAAG,32,#cc0000
10[47],0[19],TAATTGCTTTAGAGCTATTCTGGCCAACAGAGATAGAACCCTTCT,45,#cc0000
8[199],13[212],TAATGTGTTATATTTTAATCATTGACCACATTCAACTAATGCAGA,45,#cc0000
33[128],39[143],CGGGAGGTTTTACGAGAAAAGTAAGCAGATAG,32,#cc0000
3[104],10[96],TTGTATAATAGATACATTTCGCAATAAAGTACTCAAAGCG,40,#cc0000
7[48],5[63],ACGGCGGAGTAGCCAGGAGCTCGAATTCGTAA,32,#cc0000
27[120],33[127],AAAGTATTTCAGAACCCCGACTTG,24,#cc0000
5[112],6[128],CCACACAACATACGAGCCGGAAGCGCTGGCGA,32,#cc0000
11[160],12[152],CAAATGCTATCATAACCCTCGTTT,24,#cc0000
12[63],10[48],TAAAAATACCGAACGACCGCCGCCAGTACCTT,32,#cc0000
39[144],25[159],CCGAAAATTCCAAATACTTAAATCCCGCCACCTTGATACCGATAGTTG,48,#cc0000
0[63],12[64],CAGTAATATTTTGAATGGCTATTAATCGCCAT,32,#cc0000
29[88],38[88],GCAGCAAACCGCCTCCTCATATGGAGAGAGAAATGAAATATCCTTATC,48,#cc0000
5[184],6[192],ATTGCGTTGCGCTCACCGCCATTC,24,#cc0000
31[24],32[19],AACATATAAAGTCAGAGGGTA,21,#cc0000
10[95],8[80],AACCAGACATTGGCCTCTGAATTTACCGTTCCGATCTAAATTTTTGAG,48,#cc0000
29[184],38[184],AGTAGCGAAGCGCGTTTTATCACCTTGCCAGTTATACAGTCGGATTCG,48,#cc0000
17[64],3[79],CACTCATCTTTGACCCACAACTTTAGGTCACGAGATCTACTGATAATC,48,#cc0000
17[176],4[160],AGCCGGAACAACTGTTGGGAAGGGGAGCTAACGGCCAACGCGCGGGGA,48,#cc0000
3[24],4[19],GATGAACGATGTGAGCGAGTA,21,#cc0000
4[212],3[199],GTCGGGAAACCTGTCGTGCCAGATTGCCC,29,#cc0000
27[128],41[143],AAGAGGCTTTTTTTGTCAACCGATAGGAAACCGAATTATCATCATATT,48,#cc0000
37[136],32[136],ATCAACAACATCCTAATTTGAAGCAGAAACGA,32,#cc0000
12[119],0[104],GGCTTTTGATAAATCCCGTTTTAATTCGAGCTGGTGTCTGTCGTCTGA,48,#cc0000
7[192],15[212],CCGGAAACCTTTGAAATAAATTGGGCTTGAGATGGTT,37,#cc0000
9[19],8[24],TAGCATTAACATCAGAGAATC,21,#cc0000
32[212],30[195],AGCGTCTTTCCAGGTCGAGAGTTTAGCGTCAGACTGTCAGAATCAGCAAA,50,#cc0000
41[144],27[159],CCTGATTATCTGGTCAGGAAGGTATAGCGTTTTCAAGAGAAGGATTAG,48,#cc0000
29[96],40[88],TGAAAAATCTAAAATATCTTTAGGATTATCATGAACTGGC,40,#cc0000
36[111],25[111],ATATGTGATTGGGTTAGTTATACAGGTTTATC,32,#cc0000
36[207],35[212],GAAGATGACTTCTGACCTAAA,21,#cc0000
1[128],12[120],TAACAGTTAAGACTTCGGAATCGTAACCAAAATAGCGAGA,40,#cc0000
5[96],16[96],TTATCCGCTAAGTTGGCATCGTAAATTTTCTG,32,#cc0000
30[175],29[183],CCATTAGCTAGCAGCACCGTAATC,24,#cc0000
6[191],17[212],AGGCTGCGCGAGGCGCAGACGGTCAATCATAAGGGAA,37,#cc0000
7[64],15[79],AATGGGATCAACAGTTTCATAGTTAGCGTAAC,32,#cc0000
10[63],8[48],GATTAGAGAGCATTGAGGCTTTTGATGATACAATTCCACATTGCCTGA,48,#cc0000
16[95],6[72],TATGGGATTTTGCTAACCAGCGATAGGGTTTTCCCAGTCA,40,#cc0000
14[127],4[112],TCTACTTAAAGCCAGATTCATTACAGCTGATACTGCCAGTTTAAATCA,48,#cc0000
27[136],28[128],GAGACTCCGCCATCTTTTCATAAT,24,#cc0000
14[212],1[212],TAATTTCAACTTTAAATGCAATCAGGTCTGTGTTGTTCCAGT,42,#cc0000
12[79],0[80],CCTAAAACGTCTTTAATGCGCGAATGGCAGAT,32,#cc0000
14[39],13[47],CTGGTAATAGAACCACCACCAGAG,24,#cc0000
26[111],32[96],CAGAGCCACCACCCTCCGGAACCTGCCTTTAC,32,#cc0000
38[55],24[48],ACTCATCGAATATAAAAATCGCCAGTGAATTTACGTAATG,40,#cc0000
7[128],15[143],ACGACGACAGTAATCTACGTAACAAAGCTGCT,32,#cc0000
0[103],11[95],AATGGATTATTTACATTAATAGTA,24,#cc0000
3[152],13[167],AGGGTGGTTTTTCTTTAAGGCCGGCAACGCAAAACTGGCTGTAGAAAG,48,#cc0000
41[168],27[183],CATCAATATAATCCTGCACCATTAAAGGTGAATTCATCGGCTCAGTAC,48,#cc0000
5[24],6[32],GACTCTAGAGGATCCCTGCATGCC,24,#cc0000
29[128],40[120],CAAATATCATCAACAGTTGAAAGGAAGGAGCGGAGGAAAC,40,#cc0000
31[192],41[207],GTCACCGAGGTTAGAAGATTATACTTCTGAAT,32,#cc0000
33[24],34[19],TCATCGTACATGTAATTTAGG,21,#cc0000
12[87],2[80],CTGATAGCGTCAGACGCGGAAGCAAGCCTCAGTAACCTGT,40,#cc0000
26[175],32[160],TCACCGTACTCAGGAGGATTAGCGATATTATT,32,#cc0000
36[55],25[47],TAGAATCCTTGAAAACAGTCAATATATTTAACTAATAATT,40,#cc0000
36[167],33[175],CATTTAACACAAAATCGCGCAGAGCTTTGAATTTGCACCC,40,#cc0000
